                  epoch,         train/box_loss,         train/cls_loss,         train/dfl_loss,   metrics/precision(B),      metrics/recall(B),       metrics/mAP50(B),    metrics/mAP50-95(B),           val/box_loss,           val/cls_loss,           val/dfl_loss,                 lr/pg0,                 lr/pg1,                 lr/pg2
                      1,                0.68322,                 1.6182,                  1.069,                0.84335,                0.83665,                0.87291,                0.72988,                0.62391,                 1.2022,                0.99439,             0.00065497,             0.00065497,             0.00065497
                      2,                0.66156,                0.84286,                 1.0488,                0.79765,                0.84462,                0.87677,                0.71356,                0.70566,                0.93298,                 1.0539,              0.0013053,              0.0013053,              0.0013053
                      3,                0.68057,                0.75679,                 1.0428,                0.82813,                0.86056,                0.87942,                0.71714,                0.70785,                 0.8694,                 1.0487,              0.0019391,              0.0019391,              0.0019391
                      4,                0.66834,                0.72668,                 1.0472,                0.80937,                0.70618,                0.79915,                0.64853,                0.70991,                0.95742,                 1.0681,              0.0019258,              0.0019258,              0.0019258
                      5,                 0.6491,                0.68881,                 1.0262,                0.80106,                0.82271,                0.86013,                  0.671,                0.77986,                0.80749,                 1.1026,               0.001901,               0.001901,               0.001901
                      6,                0.62495,                0.64667,                 1.0092,                0.80648,                0.89241,                0.86932,                  0.742,                0.58392,                0.68996,                0.94302,              0.0018763,              0.0018763,              0.0018763
                      7,                0.62888,                0.62963,                 1.0117,                 0.8554,                0.87849,                0.89926,                0.76664,                0.59165,                0.62792,                0.96004,              0.0018515,              0.0018515,              0.0018515
                      8,                0.61908,                0.60019,                 1.0024,                0.84746,                0.87982,                0.91353,                0.77449,                0.57212,                  0.629,                0.93873,              0.0018267,              0.0018267,              0.0018267
                      9,                 0.6178,                0.59152,                 1.0073,                0.85563,                0.89343,                0.90602,                0.78142,                0.56709,                0.58632,                0.93888,               0.001802,               0.001802,               0.001802
                     10,                0.60117,                0.56931,                0.99951,                0.86574,                0.87351,                0.91626,                0.79936,                0.53113,                0.52383,                 0.9305,              0.0017772,              0.0017772,              0.0017772
                     11,                 0.6122,                0.56413,                 1.0097,                0.86383,                0.89044,                0.90962,                0.78185,                0.56169,                0.54371,                0.93221,              0.0017525,              0.0017525,              0.0017525
                     12,                0.59892,                0.55156,                0.99644,                0.87022,                0.88161,                0.91556,                0.79264,                0.56225,                0.50595,                0.93465,              0.0017278,              0.0017278,              0.0017278
                     13,                0.59049,                0.52881,                0.99851,                0.81158,                0.83466,                0.86765,                0.75221,                0.55095,                0.66729,                0.94068,               0.001703,               0.001703,               0.001703
                     14,                0.58395,                  0.541,                0.99159,                 0.8595,                0.87742,                0.91616,                0.78997,                0.55831,                0.53988,                0.93723,              0.0016783,              0.0016783,              0.0016783
                     15,                0.58338,                0.53649,                0.99298,                0.86306,                0.88048,                0.92188,                0.78974,                0.57587,                0.49782,                0.93128,              0.0016535,              0.0016535,              0.0016535
                     16,                0.57948,                0.53082,                0.98656,                 0.8649,                0.86853,                 0.9099,                0.79057,                0.55891,                0.51806,                 0.9429,              0.0016287,              0.0016287,              0.0016287
                     17,                0.57338,                0.53019,                 0.9856,                0.85106,                0.91135,                0.91545,                0.80188,                0.52761,                0.49406,                0.90926,               0.001604,               0.001604,               0.001604
                     18,                0.56637,                0.50066,                0.97817,                0.85518,                0.88944,                0.91615,                0.78254,                0.58249,                0.50755,                0.94545,              0.0015793,              0.0015793,              0.0015793
                     19,                0.56484,                 0.5074,                0.97815,                0.85399,                0.84163,                0.90021,                0.77193,                0.58236,                0.55681,                0.95348,              0.0015545,              0.0015545,              0.0015545
                     20,                0.56732,                0.49594,                0.98494,                0.84931,                0.90339,                 0.9114,                0.79106,                 0.5393,                0.49153,                0.92425,              0.0015298,              0.0015298,              0.0015298
                     21,                0.57789,                 0.5087,                0.99038,                0.85206,                0.88346,                  0.918,                0.80123,                0.54203,                0.49139,                0.91945,               0.001505,               0.001505,               0.001505
                     22,                0.54915,                0.49255,                0.97591,                0.85576,                0.89243,                0.90723,                0.79903,                0.51895,                0.48213,                 0.9208,              0.0014803,              0.0014803,              0.0014803
                     23,                0.54784,                0.48643,                0.97607,                0.88926,                0.87976,                 0.9142,                0.79563,                0.55115,                0.47887,                0.93315,              0.0014555,              0.0014555,              0.0014555
                     24,                0.55087,                0.46932,                0.97197,                0.86895,                0.88497,                0.91973,                0.81419,                0.51365,                0.47409,                0.91162,              0.0014307,              0.0014307,              0.0014307
                     25,                0.53887,                 0.4758,                0.97288,                0.86635,                0.89742,                0.92763,                0.81636,                0.52399,                0.47021,                0.91346,               0.001406,               0.001406,               0.001406
                     26,                0.54454,                0.46703,                0.97127,                0.87838,                0.87052,                0.92485,                0.81458,                0.52318,                0.47265,                0.90823,              0.0013813,              0.0013813,              0.0013813
                     27,                0.53535,                0.47476,                0.96566,                0.87593,                 0.9001,                0.91814,                0.80565,                0.53024,                0.45681,                0.91526,              0.0013565,              0.0013565,              0.0013565
                     28,                 0.5468,                0.46488,                0.97118,                0.88219,                0.88247,                0.92382,                0.80495,                0.54092,                0.47079,                0.91997,              0.0013318,              0.0013318,              0.0013318
                     29,                0.52927,                0.45806,                 0.9639,                0.85955,                0.90823,                0.92806,                0.81413,                0.52307,                0.44807,                 0.9102,               0.001307,               0.001307,               0.001307
                     30,                0.53596,                0.45948,                0.96892,                0.87154,                0.89873,                 0.9247,                0.81598,                0.51159,                0.52116,                0.90546,              0.0012822,              0.0012822,              0.0012822
                     31,                0.52396,                0.44896,                0.95989,                0.87821,                0.90239,                0.92744,                0.82477,                 0.5046,                0.44439,                0.90716,              0.0012575,              0.0012575,              0.0012575
                     32,                0.52324,                0.44396,                0.96488,                0.87036,                0.88048,                0.91367,                0.80814,                0.52328,                0.47315,                  0.912,              0.0012328,              0.0012328,              0.0012328
                     33,                  0.535,                0.46322,                0.96104,                0.87061,                0.89803,                0.92336,                0.81287,                0.51253,                 0.4578,                0.90449,               0.001208,               0.001208,               0.001208
                     34,                 0.5232,                0.44394,                0.95965,                0.86893,                0.89542,                0.92039,                0.81265,                0.49356,                0.44257,                0.89778,              0.0011833,              0.0011833,              0.0011833
                     35,                 0.5241,                0.44314,                 0.9567,                 0.8848,                0.87974,                0.92427,                0.81998,                0.50603,                  0.449,                0.89847,              0.0011585,              0.0011585,              0.0011585
                     36,                0.52624,                0.45055,                0.96504,                0.83228,                0.88745,                0.90756,                0.79781,                0.51949,                0.48027,                 0.9175,              0.0011337,              0.0011337,              0.0011337
                     37,                0.51088,                0.42191,                0.95338,                0.87064,                0.91172,                0.92799,                0.82954,                0.49559,                0.43411,                 0.8959,               0.001109,               0.001109,               0.001109
                     38,                0.50347,                 0.4183,                0.94687,                 0.8599,                0.91089,                0.92028,                 0.8112,                0.51037,                0.43722,                0.90359,              0.0010842,              0.0010842,              0.0010842
                     39,                0.50789,                0.42696,                0.94846,                0.86411,                 0.9057,                0.92715,                0.82583,                0.50565,                0.44488,                0.90448,              0.0010595,              0.0010595,              0.0010595
                     40,                 0.5072,                0.41926,                0.95398,                0.86083,                0.88103,                0.91828,                 0.8157,                0.50118,                0.54355,                0.90703,              0.0010347,              0.0010347,              0.0010347
                     41,                0.51016,                0.41458,                0.95257,                0.87966,                0.88048,                0.91829,                0.80673,                 0.5112,                0.45491,                0.90291,                0.00101,                0.00101,                0.00101
                     42,                0.50656,                0.41309,                0.94968,                0.85671,                0.86349,                0.91438,                0.81337,                0.51165,                0.47028,                0.90398,             0.00098525,             0.00098525,             0.00098525
                     43,                0.50775,                0.41543,                0.95516,                0.85084,                0.91475,                0.92758,                0.83726,                0.45533,                0.42358,                0.87863,              0.0009605,              0.0009605,              0.0009605
                     44,                0.50688,                0.41211,                0.95095,                0.86243,                0.87849,                0.91585,                0.82464,                0.46861,                0.46052,                0.88897,             0.00093575,             0.00093575,             0.00093575
                     45,                0.50481,                0.41187,                0.95052,                0.85888,                 0.8972,                0.92284,                0.82657,                 0.4877,                0.44837,                0.89607,               0.000911,               0.000911,               0.000911
                     46,                0.50187,                0.40411,                0.94892,                0.86253,                0.89044,                0.93122,                0.83339,                0.47927,                0.43595,                0.89382,             0.00088625,             0.00088625,             0.00088625
                     47,                0.48838,                 0.3921,                0.94456,                0.85485,                0.90336,                0.92439,                0.81885,                0.49076,                0.44247,                0.89654,              0.0008615,              0.0008615,              0.0008615
                     48,                0.49699,                0.40155,                0.94595,                0.88148,                0.90374,                0.92727,                0.83379,                0.46695,                 0.4164,                0.89244,             0.00083675,             0.00083675,             0.00083675
                     49,                0.48602,                0.39401,                0.94078,                0.87924,                 0.8992,                0.92549,                0.83422,                0.46921,                0.43393,                0.89054,               0.000812,               0.000812,               0.000812
                     50,                0.49846,                0.40248,                0.94804,                0.83446,                0.89343,                0.91043,                0.81072,                0.49637,                0.47157,                 0.9066,             0.00078725,             0.00078725,             0.00078725
                     51,                0.47746,                0.38094,                0.93662,                 0.8838,                0.87948,                 0.9265,                0.83626,                0.46632,                0.42861,                0.88863,              0.0007625,              0.0007625,              0.0007625
                     52,                0.48345,                0.38436,                 0.9403,                0.89175,                0.87792,                0.93102,                0.83584,                0.47656,                0.42125,                0.88058,             0.00073775,             0.00073775,             0.00073775
                     53,                0.47668,                0.37886,                0.92827,                0.87419,                 0.8859,                0.92894,                 0.8332,                0.47677,                0.43023,                 0.8897,               0.000713,               0.000713,               0.000713
                     54,                0.48161,                0.37806,                0.93758,                0.87008,                0.89741,                0.92932,                0.83389,                0.47802,                0.42147,                0.89383,             0.00068825,             0.00068825,             0.00068825
                     55,                0.47408,                 0.3669,                0.93186,                0.90751,                0.87953,                0.93273,                0.84304,                0.46291,                0.39681,                0.87861,              0.0006635,              0.0006635,              0.0006635
                     56,                0.48197,                0.36245,                0.93571,                0.85765,                0.92131,                 0.9309,                0.83882,                0.47824,                0.41184,                0.88728,             0.00063875,             0.00063875,             0.00063875
                     57,                0.47604,                 0.3647,                0.93387,                0.84994,                0.91959,                0.92367,                0.83786,                0.45764,                0.41278,                0.88617,               0.000614,               0.000614,               0.000614
                     58,                0.47154,                0.36422,                0.93292,                0.82959,                0.91156,                0.92104,                0.83327,                0.47065,                0.43668,                0.88878,             0.00058925,             0.00058925,             0.00058925
                     59,                0.46855,                0.35824,                0.93254,                 0.8717,                0.90003,                0.93327,                0.84131,                0.47349,                0.40586,                0.88563,              0.0005645,              0.0005645,              0.0005645
                     60,                0.46051,                0.34732,                0.92371,                0.89157,                0.86753,                0.92161,                0.83024,                 0.4628,                 0.4646,                0.87732,             0.00053975,             0.00053975,             0.00053975
                     61,                0.46135,                0.35317,                0.92557,                 0.8797,                 0.8745,                0.92303,                0.83058,                0.47059,                 0.4231,                0.87901,               0.000515,               0.000515,               0.000515
                     62,                0.46034,                0.34051,                0.92863,                0.86241,                0.90139,                0.92456,                0.83799,                0.45095,                0.40726,                0.87637,             0.00049025,             0.00049025,             0.00049025
                     63,                0.46081,                 0.3492,                0.92369,                0.85668,                0.88546,                0.92076,                0.83683,                0.44741,                0.43111,                0.87744,              0.0004655,              0.0004655,              0.0004655
                     64,                0.46459,                0.34751,                0.92554,                0.85912,                0.89288,                0.92072,                0.83547,                0.45111,                0.44345,                0.88328,             0.00044075,             0.00044075,             0.00044075
                     65,                0.45553,                0.33311,                0.92499,                  0.882,                0.90081,                0.92951,                0.84399,                0.45875,                0.40461,                0.88446,               0.000416,               0.000416,               0.000416
                     66,                0.46189,                0.34871,                0.92811,                0.87038,                0.88952,                0.92698,                0.84029,                 0.4572,                0.43126,                0.88199,             0.00039125,             0.00039125,             0.00039125
                     67,                0.45032,                0.33352,                0.91978,                0.87856,                0.89353,                0.92854,                0.84216,                0.45241,                0.40662,                0.88216,              0.0003665,              0.0003665,              0.0003665
                     68,                0.45227,                0.33819,                0.92587,                0.89993,                0.87749,                0.92909,                0.84189,                0.45912,                0.40767,                0.88125,             0.00034175,             0.00034175,             0.00034175
                     69,                0.45041,                0.32581,                0.92019,                0.88655,                0.89542,                0.92916,                0.84524,                 0.4571,                0.40642,                0.87615,               0.000317,               0.000317,               0.000317
                     70,                0.45496,                0.32964,                0.92815,                0.84858,                 0.9243,                 0.9297,                0.84347,                0.46602,                0.41731,                0.88487,             0.00029225,             0.00029225,             0.00029225
                     71,                0.40695,                0.30557,                0.89525,                0.85603,                0.91205,                0.91852,                0.82816,                0.46402,                0.42635,                0.88527,              0.0002675,              0.0002675,              0.0002675
                     72,                0.40076,                0.27691,                0.88237,                0.86744,                0.88446,                0.91036,                0.82071,                0.46394,                0.45312,                0.88295,             0.00024275,             0.00024275,             0.00024275
                     73,                 0.3885,                0.26411,                0.87623,                0.87573,                0.89839,                0.92649,                0.84047,                0.44729,                0.41079,                0.87286,               0.000218,               0.000218,               0.000218
                     74,                0.38791,                0.25876,                0.87678,                0.88447,                0.88745,                0.92456,                0.83778,                0.46498,                0.41993,                0.88705,             0.00019325,             0.00019325,             0.00019325
                     75,                0.38959,                0.25658,                0.87532,                0.88735,                0.87649,                0.92428,                0.84057,                0.45307,                0.42244,                0.88186,              0.0001685,              0.0001685,              0.0001685
                     76,                0.38177,                 0.2495,                0.87724,                 0.8881,                0.87745,                0.92475,                0.84326,                 0.4473,                 0.4179,                0.88121,             0.00014375,             0.00014375,             0.00014375
                     77,                0.38111,                 0.2535,                0.87391,                0.90771,                0.85458,                0.92531,                0.84342,                0.44983,                0.41918,                0.87494,               0.000119,               0.000119,               0.000119
                     78,                0.37498,                0.24335,                0.87253,                 0.8961,                0.87849,                0.92679,                0.84055,                0.46087,                0.42274,                0.88103,              9.425e-05,              9.425e-05,              9.425e-05
                     79,                0.37802,                0.24243,                0.87605,                0.87448,                0.89512,                0.92621,                 0.8432,                0.44583,                0.42066,                0.87574,               6.95e-05,               6.95e-05,               6.95e-05
                     80,                0.37054,                0.24062,                0.86649,                0.88331,                0.89243,                0.92876,                0.84703,                0.44743,                 0.4203,                0.87709,              4.475e-05,              4.475e-05,              4.475e-05
